Regulation,Region,Applies To,Key Requirements,Compliance Timeline,SMB Costs (Setup),SMB Costs (Annual),Penalties,Automation Potential,ComplyFlow Priority
GDPR,European Union,All businesses processing EU residents' data,Data mapping, lawful basis, individual rights, DPIA for high-risk, breach notification,72 hours for breaches,$5,000-$15,000,$2,000-$5,000,4% global turnover or €20M,High,1
CCPA/CPRA,California USA,Businesses with $25M+ revenue OR 100K+ consumers OR 50% revenue from data sales,Consumer rights (know, delete, opt-out), notice requirements, opt-out signals, risk assessment,45 days for consumer requests,$3,000-$8,000,$1,500-$3,000,$2,500-$7,500 per violation,High-Medium,1
HIPAA,USA,Healthcare providers, health plans, clearinghouses,Privacy Rule (PHI protection), Security Rule (ePHI safeguards), breach notification, BAAs,Prompt notification (60 days max),$10,000-$50,000,$5,000-$15,000,$100-$50,000 per violation, up to $1.5M annually,Medium,1
PCI DSS,Global,Any business processing credit cards,Secure network, cardholder data protection, vulnerability management, access controls,Dependent on merchant level,$2,000-$5,000,$1,000-$3,000,$5,000-$100,000 monthly fines, card brand penalties,High,2
Virginia CDPA,Virginia USA,Businesses controlling/processing data of 100K+ consumers OR 25K+ consumers + 50% revenue from data sales,Similar to CCPA with some variations,Controller-processor model, privacy notice, consumer rights,30 days for consumer requests,$1,500-$4,000,$800-$2,000,$7,500 per violation,Medium,3
Colorado CPA,Colorado USA,Businesses controlling/processing data of 100K+ consumers OR 25K+ consumers + revenue/ discounts from data sales,Universal opt-out, data protection assessment, privacy notice, consumer rights,60 days for consumer requests,$1,500-$4,000,$800-$2,000,$2,000-$20,000 per violation,Medium,3
Connecticut CTDPA,Connecticut USA,Businesses controlling/processing data of 100K+ consumers OR 25K+ consumers + 50% revenue from data sales,Similar to Virginia model, opt-out mechanisms, privacy notice,60 days for consumer requests,$1,500-$4,000,$800-$2,000,$5,000-$25,000 per violation,Medium,3
Utah UCPA,Utah USA,Businesses with $25M+ revenue AND 100K+ consumers OR 25K+ consumers + 50% revenue from data sales,Limited scope, fewer consumer rights, privacy notice requirement,45 days for consumer requests,$1,000-$3,000,$500-$1,500,$7,500 per violation,Low,4
UK GDPR,United Kingdom,All businesses processing UK residents' data,Similar to EU GDPR with some post-Brexit differences,72 hours for breaches,$4,000-$12,000,$1,500-$4,000,£17.5M or 4% global turnover,High,2
PIPEDA,Canada,All businesses engaged in commercial activities,Consent, purpose limitation, safeguards, individual access, breach notification,As soon as feasible,$2,000-$6,000,$1,000-$2,500,$100,000 per violation (organizations),Medium,3
LGPD,Brazil,All businesses processing personal data in Brazil,Similar to GDPR principles, data subject rights, DPO requirement, legal basis,72 hours for breaches,$3,000-$10,000,$1,500-$4,000,2% revenue in Brazil up to R$50M,Medium-High,3
State Breach Laws,All US States,Any business experiencing data breach,Notification to affected individuals,Notification timelines vary by state,$500-$5,000 per incident,$200-$2,000 annually,State penalties up to $500,000,High,2
SOX 404(b),USA,Public companies >$75M market float,Internal controls over financial reporting,Annual certification,$50,000-$500,000,$20,000-$100,000,$5M fines, 20 years imprisonment,Low,5
FERPA,USA,Educational institutions,Student record privacy,Parents' access rights,Varies by institution,$2,000-$10,000,$1,000-$5,000,Funding loss,Low-Medium,4
GLBA,USA,Financial institutions,Privacy notice, safeguards,Third-party oversight,Annual updates,$3,000-$15,000,$1,500-$7,500,$100,000 per violation,Medium,4